name;description;code;user_id;supplier_id;category_id
 Baterias De 180 Moura;;1;1.0;1.0;3
102 BotiquÇðn Para Primeros Auxilios ;;2;1.0;1.0;3
"Abrazadera 1/2"" Nuevas ";;3;1.0;1.0;3
"Abrazaderas 1/2"" Usadas ";;4;1.0;1.0;3
Absorbente 50X50;;5;1.0;1.0;3
Absorbentes ;;6;1.0;1.0;3
Absorbentes  50 Cm X 50 Cm X 100 Unidades ;;7;1.0;1.0;3
Absorbentes X 1,00 X 1,00 M X 100 Unidades;;8;1.0;1.0;3
Aceite 15 W 40 X 20 L;;9;1.0;1.0;3
Aceite 15W 40 50 Litros;;10;1.0;1.0;3
Aceite 80 90 X 30 L;;11;1.0;1.0;3
Aceite 80 W 90 X 20 Litros;;12;1.0;1.0;3
Aceite Compresor X 10 Litros;;13;1.0;1.0;3
Aceite Compresor X 3 Litros;;14;1.0;1.0;3
Aceite De Transmision 40 Litros;;15;1.0;1.0;3
Aceite Hidraulico  100 Litros ;;16;1.0;1.0;3
Aceite Hidraulico  X 20 Litros ;;17;1.0;1.0;3
Aceite Hidraulico 19 X 20 Litros;;18;1.0;1.0;3
Aceite Hidraulico T-68 X 20 Litros;;19;1.0;1.0;3
Aceite Hidraulico X 20 L;;20;1.0;1.0;3
Aceite HidrÇ­ulico  X 20 Litros ;;21;1.0;1.0;3
Aceite HidrÇ­ulico X 20 Litros;;22;1.0;1.0;3
Aceite HidrÇ­ulico X 70 L;;23;1.0;1.0;3
Aceite Para Motor 15 W 40 X 20 Litros ;;24;1.0;1.0;3
Aceite W 40 En Aerosol Para Cadena.;;25;1.0;1.0;3
"Acople 3 """;;26;1.0;1.0;3
Acople Rapido 1/2;;27;1.0;1.0;3
Acoples Para Chapa 1/2;;28;1.0;1.0;3
AcÇ¸ite 15 W 40 X 20 L;;29;1.0;1.0;3
"Adaptador Api-Regular De 2"" 1/2, Box X Hq Box";;30;1.0;1.0;3
Adaptador De H A Pq;;31;1.0;1.0;3
Adaptador Hq Rosca 5 1/2;;32;1.0;1.0;3
Afloja Todo ;;33;1.0;1.0;3
Afojatodo W80;;34;1.0;1.0;3
Alambre;;35;1.0;1.0;3
Alambre 2 Mm;;36;1.0;1.0;3
Alambre Del 14;;37;1.0;1.0;3
Alambre Del 16;;38;1.0;1.0;3
Alambre Por Rollo;;39;1.0;1.0;3
Alcohol En Gel X 300 Ml;;40;1.0;1.0;3
Alcohol En Gel X 750 Ml;;41;1.0;1.0;3
Alternador De Motor Deus;;42;1.0;1.0;3
Amoladora Bosch Chica;;43;1.0;1.0;3
Amoladora Grande Lusqtoff;;44;1.0;1.0;3
Anillo De Bronce Para Chack;;45;1.0;1.0;3
Anillo Estabilizador;;46;1.0;1.0;3
Anillos Centralizador;;47;1.0;1.0;3
Anillos De Tope Para Barril;;48;1.0;1.0;3
Anillos Hq3;;49;1.0;1.0;3
Antilatigo ;;50;1.0;1.0;3
Antilatigos;;51;1.0;1.0;3
Aragan Con Palos;;52;1.0;1.0;3
AraÇñas De Metal;;53;1.0;1.0;3
AraÇñas Hq3  Plastico ;;54;1.0;1.0;3
Arco Para Cierra ;;55;1.0;1.0;3
Arnes Con Cabo De Vida Doble Nuevo 3M;;56;1.0;1.0;3
Arnes De Seguridad 3M;;57;1.0;1.0;3
Arranque;;58;1.0;1.0;3
Arranque ;;59;1.0;1.0;3
Arranque De 24 Volt;;60;1.0;1.0;3
Arranque Iveco 24 V;;61;1.0;1.0;3
Arranque Pa Cs 1500;;62;1.0;1.0;3
Asador ;;63;1.0;1.0;3
Asiento De Lf70;;64;1.0;1.0;3
Auxilio 17;;65;1.0;1.0;3
Auxilio De Camion Iveco;;66;1.0;1.0;3
Auxilio R17 (De Camioneta Af362Uf);;67;1.0;1.0;3
Azadoncon Cabo;;68;1.0;1.0;3
Azucar X 1 Kg;;69;1.0;1.0;3
AzÇ§car ;;70;1.0;1.0;3
Bandeja De ConteciÇün ;;71;1.0;1.0;3
Bandeja De Contencion;;72;1.0;1.0;3
Bandeja De ContenciÇün ;;73;1.0;1.0;3
Bandeja De ContenciÇün De 600 L;;74;1.0;1.0;3
Bandejas De ConteciÇün Chicas ;;75;1.0;1.0;3
Bandejas De ConteciÇün Grandes ;;76;1.0;1.0;3
Bandejas De ContenciÇün;;77;1.0;1.0;3
Barandas De Lf70;;78;1.0;1.0;3
Barbijos Varios ;;79;1.0;1.0;3
Barras Hq Nuevas ;;80;1.0;1.0;3
Barras Hq Usadas;;81;1.0;1.0;3
Barras N X Paquetes;;82;1.0;1.0;3
Barras Para Estacionamiento X 3 Mts;;83;1.0;1.0;3
Barril  Hq;;84;1.0;1.0;3
Bastidor Con Dos Modulo Punto Y Un Modulo Toma;;85;1.0;1.0;3
Bastidor Con Dos Modulos Toma;;86;1.0;1.0;3
Bentonita;;87;1.0;1.0;3
Bentonita Granulada;;88;1.0;1.0;3
Bentonita X Bolsas;;89;1.0;1.0;3
Bentonita X Palet;;90;1.0;1.0;3
Bidon Para Nafta ;;91;1.0;1.0;3
Billetera Para Adrian;;92;1.0;1.0;3
Bisagras Para Soldar;;93;1.0;1.0;3
Bolsa Amarilla Para Jorge Btrizuela;;94;1.0;1.0;3
Bolsa Con Ropa Para Jose;;95;;;3
Bolsa De Residuos Rojas;;96;;;3
Bolsa De Trapo;;97;;;3
Bolsa Para Raul Cardozo;;98;;;3
Bolsa Para Residuos Negras ;;99;;;3
Bolsas De Residuos Negras;;100;;;3
Bolsas De Residuos Negras ;;101;;;3
Bolsas De Residuos Rojas ;;102;;;3
Bolsas De Residuos Verde;;103;;;3
Bolsas De Residuos Verdes;;104;;;3
Bolsas Negras;;105;;;3
Bolsas Negras ;;106;;;3
Bolsas Para Residuos Rojas ;;107;;;3
Bolsas Para Residuos Verdes;;108;;;3
Bolsas Rojas;;109;;;3
Bolsas Verdes ;;110;1.0;1.0;3
Bolso Con Ropa (Diego);;111;1.0;1.0;3
Bolso De Ropa Para Fabian Duarte ;;112;1.0;1.0;3
Bomba De Agua De 3 Pulgadas ;;113;1.0;1.0;3
Bomba Trasije Manual;;114;1.0;1.0;3
Borne Negativo;;115;1.0;1.0;3
Bornes Para Jabalinas ;;116;1.0;1.0;3
Boslas Rojas;;117;1.0;1.0;3
Botines N42 Victor DÇðaz;;118;1.0;1.0;3
Botines Talle 42;;119;1.0;1.0;3
BotiquÇðn Neceser Lifar;;120;1.0;1.0;3
Bujes Porta Culatin Hq;;121;1.0;1.0;3
Bulones De 10X40 Con Tuercas Y Arandelas;;122;1.0;1.0;3
Bulones De 10X80 Con Tuercas Y Arandelas;;123;1.0;1.0;3
Caballete Para Sacar Muestra ;;124;1.0;1.0;3
Caballetes ;;125;1.0;1.0;3
Caballetes Para Barras ;;126;1.0;1.0;3
Caballetes Para Desarmar Tubo Interior ;;127;1.0;1.0;3
Cabeza De InyecciÇün ;;128;1.0;1.0;3
Cabeza De Tubo;;129;1.0;1.0;3
Cable Para Prolongador  Tipo Talle 40 Mts;;130;1.0;1.0;3
Cable Subterraneo;;131;1.0;1.0;3
Cable Tipo Taller X 13 Mts 4 X 4 Mm;;132;1.0;1.0;3
Cabo De Vida Doble;;133;1.0;1.0;3
Cadena De Seguridad;;134;1.0;1.0;3
Cadena De Seguridad X Mts;;135;1.0;1.0;3
Cadena De Seguridad X Paquete;;136;1.0;1.0;3
Cadena Para Ruedas ;;137;1.0;1.0;3
Cadenas ;;138;1.0;1.0;3
Cadenas Con Ganchos;;139;1.0;1.0;3
CafÇ¸ X Caja;;140;1.0;1.0;3
Caja De Tubo Completa;;141;1.0;1.0;3
Caja De Tyveck X 25 Unid. L/G;;142;1.0;1.0;3
Cajones Con Respuesto (Tubos, Cabez Inyectora, Bomba De Agua);;143;1.0;1.0;3
Calibre Metalico;;144;1.0;1.0;3
Calzado De Seguridad ;;145;1.0;1.0;3
Calzado De Seguridad Kamet N¶ø 41 (Carlos Martinez);;146;1.0;1.0;3
Calzado De Seguridad Kamet Talle 40 (Acevedo);;147;1.0;1.0;3
Calzado De Seguridad Kamet Talle 40 (Calpanchay);;148;1.0;1.0;3
Calzado Kamet 41 ;;149;1.0;1.0;3
Calzado Kamet 42 ;;150;1.0;1.0;3
Calzoncillo Primera Piel (Avecedo);;151;1.0;1.0;3
Calzoncillo Primera Piel (Calpanchay);;152;1.0;1.0;3
Camisa De Trabajo (Acevedo);;153;1.0;1.0;3
Camisa De Trabajo (Calpanchay);;154;1.0;1.0;3
Camiseta Primera Piel (Acevedo);;155;1.0;1.0;3
Camiseta Primera Piel (Calpanchay);;156;1.0;1.0;3
Campera (Tomas);;157;1.0;1.0;3
Campera Para Javier Aybar;;158;1.0;1.0;3
Camperas Polares;;159;1.0;1.0;3
Candado Nq 24895;;160;1.0;1.0;3
Canios Para Fin De Pozo Con Tapas ;;161;1.0;1.0;3
Carnes Para Asado X Kg;;162;1.0;1.0;3
Carpeta Bibliorato;;163;1.0;1.0;3
Carpeta Check List Generador;;164;1.0;1.0;3
Carpeta Control De Extintores   ;;165;1.0;1.0;3
Carpeta De Legajo;;166;1.0;1.0;3
Carpeta Para Ats;;167;1.0;1.0;3
Carpeta Para Check List Camimoneta ;;168;1.0;1.0;3
Carpeta Para Check List CamiÇün;;169;1.0;1.0;3
Carpeta Para Check List Luminaria;;170;1.0;1.0;3
Carpeta Porta Block;;171;1.0;1.0;3
Carpeta Verde Con Planillas De Epp Y Capaciotaciones.;;172;1.0;1.0;3
Carpetas Tapa Blanda ;;173;1.0;1.0;3
Carretel De Warline Completo Con Motor HidrÇ­ulico;;174;1.0;1.0;3
Carro Azul;;175;1.0;1.0;3
Carro Para Barra;;176;1.0;1.0;3
Carro Para Tubo De Nitrogeno;;177;1.0;1.0;3
Cartel De Entrada Uso Obligatorio De Epp;;178;1.0;1.0;3
Cartel De Estacionamiento;;179;1.0;1.0;3
Cartel De Punto De Encuentro;;180;1.0;1.0;3
Cartel De Punto De Reunion;;181;1.0;1.0;3
Cartel De Sectores (Sector Aditivos, Sector Aceites, Sector Piletas, Sector Residuos);;182;1.0;1.0;3
Cartel Para Maquina;;183;1.0;1.0;3
Cartel Riesgo ElÇ¸ctrico ;;184;1.0;1.0;3
Cartel Solo Personal Autorizado;;185;1.0;1.0;3
Carteleria De Riesgo Electrico Adhesivo;;186;1.0;1.0;3
Carteleria De Seguridad Adhesiva Varias ;;187;1.0;1.0;3
Carteles De Abc;;188;1.0;1.0;3
Carteles Varios;;189;1.0;1.0;3
Casco Con Sordinas Colocadas;;190;1.0;1.0;3
Casco Libus Con Cremallera (Acevedo);;191;1.0;1.0;3
Casco Libus Con Cremallera (Calpanchay);;192;1.0;1.0;3
Casco Para Stock Con Cremallera Para Stock;;193;1.0;1.0;3
Casco Y Sordina (Para Luis Chayle);;194;1.0;1.0;3
Casilla;;195;1.0;1.0;3
Casilla ;;196;1.0;1.0;3
Cassing;;197;1.0;1.0;3
Cassing X 1 Mt;;198;1.0;1.0;3
Cassing X 1,5 Mts;;199;1.0;1.0;3
CaÇños Para Fin De Pozo Con Tapas ;;200;1.0;1.0;3
Cemento X Palet;;201;1.0;1.0;3
Cepillo De Acero ;;202;1.0;1.0;3
Cepillos ;;203;1.0;1.0;3
Cepillos De Acero;;204;1.0;1.0;3
Cepillos De Aceros;;205;1.0;1.0;3
Cepillos Sin Palos ;;206;1.0;1.0;3
Chaleco Para Stock ;;207;1.0;1.0;3
Chaleco Polar;;208;1.0;1.0;3
Chaleco Reflectivo ;;209;1.0;1.0;3
Chaleco Reflectivo (Acevedo);;210;1.0;1.0;3
Chaleco Reflectivo (Calpancahay);;211;1.0;1.0;3
Chaleco Reflectivo (Guillermina);;212;1.0;1.0;3
Chaleco Reflectivo Para Sotck Xl;;213;1.0;1.0;3
Chalecos Talle L;;214;1.0;1.0;3
Chorizo X Kg;;215;1.0;1.0;3
Cilicona En Aerosol;;216;1.0;1.0;3
Cinta Aisladora;;217;1.0;1.0;3
Cinta Aisladora ;;218;1.0;1.0;3
Cinta Aisladora X 10 Mts;;219;1.0;1.0;3
Cinta Aisladora X 20 Mts;;220;1.0;1.0;3
Cinta Americana;;221;1.0;1.0;3
Cinta Americana ;;222;1.0;1.0;3
Cinta Autosoldante;;223;1.0;1.0;3
Cinta De Embalaje;;224;1.0;1.0;3
Cinta Multiproposito;;225;1.0;1.0;3
Cinta Para Embalar ;;226;1.0;1.0;3
Cinta Transparente;;227;1.0;1.0;3
Cintas Aisladoara De 10 Mts;;228;1.0;1.0;3
Clan Para Cable 3 1/6;;229;1.0;1.0;3
Clanes ;;230;1.0;1.0;3
Cmpera Termica M (Acevedo);;231;1.0;1.0;3
Codo Pvc;;232;1.0;1.0;3
Compresor 14 Bar;;233;1.0;1.0;3
Compresor Amarillo;;234;1.0;1.0;3
Concervadora Tapa Roja ;;235;1.0;1.0;3
Conjunto De Primera Piel ;;236;1.0;1.0;3
Conos ;;237;1.0;1.0;3
Conos De Seguridad;;238;1.0;1.0;3
Corona Cristensen Hq3 Serie 185800S6;;239;1.0;1.0;3
Corona Cristensen Hq3 Serie 186205S6;;240;1.0;1.0;3
Corona Cristensen Hq3 Serie 308434S7;;241;1.0;1.0;3
Corona Cristensen Hq3 Serie 508472S7;;242;1.0;1.0;3
Corona Cristensen Hq3 Serie 508473S7;;243;1.0;1.0;3
Corona Formula Hq3 Serie 110208S7;;244;1.0;1.0;3
Corona Formula Hq3 Serie 863890S7;;245;1.0;1.0;3
Corona Hq Formula;;246;1.0;1.0;3
Corona Nq Serie 490312;;247;1.0;1.0;3
Corona Nq3 Serie 487197;;248;1.0;1.0;3
Corona Nq3 Serie 497187;;249;1.0;1.0;3
Corona Nq3 Serie 497188;;250;1.0;1.0;3
Corona Nq3 Serie 497191;;251;1.0;1.0;3
Coronas Usadas Hq3;;252;1.0;1.0;3
Coronoa Zpata Hwt Serie  492538;;253;1.0;1.0;3
Corta Hierro;;254;1.0;1.0;3
Corta Hierro Con Proteccion;;255;1.0;1.0;3
Cubre Casco (Soledad);;256;1.0;1.0;3
Cubre Nuca Polar (Acevedo);;257;1.0;1.0;3
Cubre Nuca Polar (Calpancahy);;258;1.0;1.0;3
Cuerda Para Motobomba;;259;1.0;1.0;3
"Disco De Corte  4 1/2"" ";;260;1.0;1.0;3
"Disco De Corte  7""";;261;1.0;1.0;3
"Disco De Corte 4""";;262;1.0;1.0;3
"Disco De Corte 7""";;263;1.0;1.0;3
"Disco De Corte 7X1/16X7/8""";;264;1.0;1.0;3
Disco De Corte Chicos;;265;1.0;1.0;3
Disco De Corte Y Desbaste Caja Cerrada Para Ambas Amoladoras;;266;1.0;1.0;3
Disco De Cortes Grandes ;;267;1.0;1.0;3
"Disco De Desbaste 4""";;268;1.0;1.0;3
"Disco De Desbaste 7""";;269;1.0;1.0;3
"Disco De Desbaste 7X1/4X7/8""";;270;1.0;1.0;3
"Disco Debaste 4 1/2""";;271;1.0;1.0;3
"Disco Desbaste 7""";;272;1.0;1.0;3
Dispersante De Arsilla X 20 L;;273;1.0;1.0;3
Ecolub X 20 L;;274;1.0;1.0;3
Electro Ventilador;;275;1.0;1.0;3
Electrodo 6013 X 5 Kg;;276;1.0;1.0;3
Electrodo 70/18 ;;277;1.0;1.0;3
Electrodo Arco 13   3,25Mm;;278;1.0;1.0;3
Electrodo Punta Azul;;279;1.0;1.0;3
Electrodos 5Kg;;280;1.0;1.0;3
Elefante Para Packer;;281;1.0;1.0;3
Embudo;;282;1.0;1.0;3
Equipo  Matero, Termo Y Mate Keep;;283;1.0;1.0;3
Equipo De Perfilaje Completo;;284;1.0;1.0;3
Escalera De Casilla;;285;1.0;1.0;3
Escalera De Lf70 (Con Barandas);;286;1.0;1.0;3
Escareador Nq Codigo 91427;;287;1.0;1.0;3
Escariador Hq Haidem;;288;1.0;1.0;3
Escoba Con Palo;;289;1.0;1.0;3
Escritorio;;290;1.0;1.0;3
Esmalte Sintetico Color Celeste (4 Litros);;291;1.0;1.0;3
Espatula ;;292;1.0;1.0;3
Espatulas;;293;1.0;1.0;3
"Esrilson 18""";;294;1.0;1.0;3
Estantes De Chapa;;295;1.0;1.0;3
"Estilson 24""";;296;1.0;1.0;3
Estractor Nuevo;;297;1.0;1.0;3
Estractor Usado;;298;1.0;1.0;3
Fajas Grandes Con Criquet;;299;1.0;1.0;3
Faros Para Luminaria ;;300;1.0;1.0;3
Fastix X 25 G;;301;1.0;1.0;3
Ficha Hembra 20 A;;302;1.0;1.0;3
Ficha Macho 20 A;;303;1.0;1.0;3
Ficha Macho Y Hembra 20 A;;304;1.0;1.0;3
Ficha Steck 3 P + T Hembra ;;305;1.0;1.0;3
Ficha Steck 3P +T Macho ;;306;1.0;1.0;3
Ficha Steck Hembra 16A;;307;1.0;1.0;3
Ficha Steck Macho 16 A;;308;1.0;1.0;3
Fichas Macho Y Hembra 10 A;;309;1.0;1.0;3
Filtro 92616910C    K23018     Fa57-10;;310;1.0;1.0;3
Filtro Aceite Compresor;;311;1.0;1.0;3
Filtro Aceite Luminaria;;312;1.0;1.0;3
Filtro Aire Compresor;;313;1.0;1.0;3
Filtro Combustible 5020;;314;1.0;1.0;3
Filtro Combustible Compresor;;315;1.0;1.0;3
Filtro Combustible P5073;;316;1.0;1.0;3
Filtro Compresor Aceite;;317;1.0;1.0;3
Filtro Compresor Combustible;;318;1.0;1.0;3
Filtro Cumbustible Luminaria ;;319;1.0;1.0;3
Filtro Cummins 3973233;;320;1.0;1.0;3
Filtro De Aceite Generador ;;321;1.0;1.0;3
Filtro De Aire;;322;1.0;1.0;3
Filtro De Aire Camion Iveco Primario Y Secundario ;;323;1.0;1.0;3
Filtro De Aire CamiÇün Iveco Primario Y Secundario ;;324;1.0;1.0;3
Filtro De Aire Compresor;;325;1.0;1.0;3
Filtro De Aire De Alta PresiÇün Epb32Nfc;;326;1.0;1.0;3
Filtro De Aire J3568R;;327;1.0;1.0;3
Filtro De Aire Lumnaria;;328;1.0;1.0;3
Filtro Gasoil Generador ;;329;1.0;1.0;3
Filtro Gasoil Luminaria;;330;1.0;1.0;3
Filtro H2021;;331;1.0;1.0;3
Filtro Hf6173;;332;1.0;1.0;3
Filtro Hidraulico Hf61Z3;;333;1.0;1.0;3
Filtro Lf 90 E-507;;334;1.0;1.0;3
Filtro Para Combustible P-5036;;335;1.0;1.0;3
Filtro Para Luminaria Aceite H2039 ;;336;1.0;1.0;3
Filtro Pf-2010-12;;337;1.0;1.0;3
Filtro Racor 2022Ampor;;338;1.0;1.0;3
Filtros De Aire J3568R;;339;1.0;1.0;3
Filtros Para Hidraulicos Packer;;340;1.0;1.0;3
Foco De 1 Polo;;341;1.0;1.0;3
Foco De 2 Polos ;;342;1.0;1.0;3
Foco H3;;343;1.0;1.0;3
Foco H4;;344;1.0;1.0;3
Foco H7;;345;1.0;1.0;3
Folio A4;;346;1.0;1.0;3
Forma Juntas;;347;1.0;1.0;3
Formador De Junta Gris;;348;1.0;1.0;3
Francesa;;349;1.0;1.0;3
Franelas;;350;1.0;1.0;3
Fuguero;;351;1.0;1.0;3
Gafas Claras;;352;1.0;1.0;3
Gafas Claras ;;353;1.0;1.0;3
Gafas Claras Ucu;;354;1.0;1.0;3
Gafas Oscuras;;355;1.0;1.0;3
Gafas Oscuras ;;356;1.0;1.0;3
Gafas Oscuras Ucu;;357;1.0;1.0;3
Gafas Oscuras X 10;;358;1.0;1.0;3
Galletas  Dulces Surtidas;;359;1.0;1.0;3
Galletas Diversiones ;;360;1.0;1.0;3
Galletas Ojaldradas ;;361;1.0;1.0;3
Galletas Pepas;;362;1.0;1.0;3
Galletas Pepas ;;363;1.0;1.0;3
Galletas Surtidas;;364;1.0;1.0;3
Galletas Varias ;;365;1.0;1.0;3
Gancho Para Cadenas;;366;1.0;1.0;3
Gaseosa X 1,5 L;;367;1.0;1.0;3
Gaseosa X 3 L;;368;1.0;1.0;3
Gaseosas X 3 L;;369;1.0;1.0;3
Gaseosas X 3 Litros;;370;1.0;1.0;3
Gaseosas X 6 De 3 Litros;;371;1.0;1.0;3
Gato Con Llaves;;372;1.0;1.0;3
Goma Para Sello;;373;1.0;1.0;3
Gomas De Presion De Tubos;;374;1.0;1.0;3
Gomas De PresiÇün De Tubos;;375;1.0;1.0;3
Grampas 60-80;;376;1.0;1.0;3
Grasa X 18 Kg;;377;1.0;1.0;3
Grasera Nueva ;;378;1.0;1.0;3
Grasera Usada;;379;1.0;1.0;3
Grifos De 3/4;;380;1.0;1.0;3
Grilletes;;381;1.0;1.0;3
Guantes De  Vagueta  Frizado;;382;1.0;1.0;3
Guantes De Nitrilo;;383;1.0;1.0;3
Guantes De Nitrilo  X 12;;384;1.0;1.0;3
Guantes De Nitrilo Por Pares;;385;1.0;1.0;3
Guantes De Nitrilo X 10;;386;1.0;1.0;3
Guantes De Vagueta Simple;;387;1.0;1.0;3
Guantes De Vaqueta Con Abrigo;;388;1.0;1.0;3
Guantes De Vaqueta Forrados X 10;;389;1.0;1.0;3
Guantes De Vaqueta X 12;;390;1.0;1.0;3
Guantes De Vaquetas Abrigados Por Pares ;;391;1.0;1.0;3
Guantes De Vaquetas Comunes Por Pares ;;392;1.0;1.0;3
Guantes Para Soldar;;393;1.0;1.0;3
Guantes Pera Soldar ;;394;1.0;1.0;3
Guantes Textiles Con Poliuretano Por Pares ;;395;1.0;1.0;3
Guantes Vaqueta Con Abrigo X 12 ;;396;1.0;1.0;3
Hacha Nueva;;397;1.0;1.0;3
HidrÇ­ulico X 20 Litros;;398;1.0;1.0;3
Hoja De Acero RÇ­pido;;399;1.0;1.0;3
Impresora Canon 3110                 Nueva;;400;1.0;1.0;3
Jabalina;;401;1.0;1.0;3
Jabalina Con Prensacable;;402;1.0;1.0;3
Jabalinas ;;403;1.0;1.0;3
Jabalinas Con Borne ;;404;1.0;1.0;3
Juego De Mechas Bosch;;405;1.0;1.0;3
Juego De Muelas Nq;;406;1.0;1.0;3
Juego De Saca Bujia ;;407;1.0;1.0;3
Juegos De Aletas Nq;;408;1.0;1.0;3
Juegos De Lainas Nq;;409;1.0;1.0;3
Kid Antiderrame;;410;1.0;1.0;3
Kid Antiderrame (Bolso);;411;1.0;1.0;3
Kid De Llave Para Gato De Camioneta (P/Devolver);;412;1.0;1.0;3
La Compuradura Con El Bolso Azul;;413;1.0;1.0;3
Lainas Hq3;;414;1.0;1.0;3
Lamparas 220V;;415;1.0;1.0;3
Lapiceras;;416;1.0;1.0;3
Lapiceras ;;417;1.0;1.0;3
Lava Ojo;;418;1.0;1.0;3
Lave 13;;419;1.0;1.0;3
Lave 25;;420;1.0;1.0;3
Lave 27;;421;1.0;1.0;3
Lb 84 Lubricante Para Cadena  En Aerosol;;422;1.0;1.0;3
Leche X Pack;;423;1.0;1.0;3
LeÇña;;424;1.0;1.0;3
LeÇña ;;425;1.0;1.0;3
Libretas;;426;1.0;1.0;3
Libretas Para Realizar Chek Lis Vehiculos;;427;1.0;1.0;3
Libro De Acta;;428;1.0;1.0;3
Libro De Acta Ambiental;;429;1.0;1.0;3
Linterna Led ;;430;1.0;1.0;3
Llave 10;;431;1.0;1.0;3
Llave 11;;432;1.0;1.0;3
Llave 12;;433;1.0;1.0;3
Llave 14;;434;1.0;1.0;3
Llave 15;;435;1.0;1.0;3
Llave 19;;436;1.0;1.0;3
Llave 20;;437;1.0;1.0;3
Llave 22;;438;1.0;1.0;3
Llave 23;;439;1.0;1.0;3
Llave 24;;440;1.0;1.0;3
Llave 26;;441;1.0;1.0;3
Llave 30;;442;1.0;1.0;3
Llave 32;;443;1.0;1.0;3
Llave 36 Stiloson;;444;1.0;1.0;3
"Llave De 2 "" Con Niple Y Acople Macho";;445;1.0;1.0;3
Llave De Palmalive;;446;1.0;1.0;3
Llave De Pie Stilson 48;;447;1.0;1.0;3
Llaves Parmalip Nq ;;448;1.0;1.0;3
Luces De Emergencia Led 60;;449;1.0;1.0;3
Luces De Emergencias;;450;1.0;1.0;3
Luminaria;;451;1.0;1.0;3
Macho Hq;;452;1.0;1.0;3
Malla Naranja;;453;1.0;1.0;3
Mameluco Anti Desgarro (Raul);;454;1.0;1.0;3
Mameluco Descartable;;455;1.0;1.0;3
Mameluco Tela Antidesgarro Xxxl (Horacio Romero);;456;1.0;1.0;3
Mameluco Tela Antidesgarro Xxxl (Orlando Luna);;457;1.0;1.0;3
Mameluco Tela Antidesgarro Xxxl (Osvaldo Requelme);;458;1.0;1.0;3
Mameluco Termico Zonza Xl (Calpanchay);;459;1.0;1.0;3
Mameluco TÇ¸rmico ( Para Osvaldo);;460;1.0;1.0;3
Mamelucos Descartables ;;461;1.0;1.0;3
Mamelucos Descartables X 25 Xl;;462;1.0;1.0;3
Mamelucos Descartables Xl;;463;1.0;1.0;3
Mamelucos Descartables Xl X 25;;464;1.0;1.0;3
Mamelucos Descartables Xxl;;465;1.0;1.0;3
Mamelucos Descartables Xxl X 25 Unid;;466;1.0;1.0;3
Mamelucos Descartables Xxxl;;467;1.0;1.0;3
Mamelucos Descartables Xxxl X 25 Unid;;468;1.0;1.0;3
Mango De Fuerza Con Cricket  3/4;;469;1.0;1.0;3
Manguera De 1/2  De 2 M Aproximadamente ;;470;1.0;1.0;3
"Manguera De 10 M De 1""";;471;1.0;1.0;3
Manguera De 2¶ù Con Acople;;472;1.0;1.0;3
"Manguera De 4 M De 1""";;473;1.0;1.0;3
"Manguera De 6 M De 1""";;474;1.0;1.0;3
Manguera De Cabeza Inyectora Lf70;;475;1.0;1.0;3
Manguera De Mixer Lf70;;476;1.0;1.0;3
Manguera Para Engrase 1/4;;477;1.0;1.0;3
Manguera Para La Copa;;478;1.0;1.0;3
"Manguera Tranparente De 1/2"" X 2,5M";;479;1.0;1.0;3
Manguera X 10 Mts;;480;1.0;1.0;3
"Mangueras De 2 """;;481;1.0;1.0;3
Manipulador De Lainas ;;482;1.0;1.0;3
Manometro 3500 Psi;;483;1.0;1.0;3
Manometro 5000 Psi;;484;1.0;1.0;3
Manteca De Cacao;;485;1.0;1.0;3
Maquina Prensa Manguera Completa ;;486;1.0;1.0;3
Marcador Permanente X 12;;487;1.0;1.0;3
Marcadores Negros  X 12 Uni;;488;1.0;1.0;3
Marcadores Permanentes;;489;1.0;1.0;3
Martillo Bolita;;490;1.0;1.0;3
Martillo De Goma;;491;1.0;1.0;3
Masa X 5 Kg;;492;1.0;1.0;3
Mascara Facial Con Cremallera;;493;1.0;1.0;3
Mascara Para Soldar;;494;1.0;1.0;3
Mascarilla Para Polvo 1501 X 50 Unidades;;495;1.0;1.0;3
Matafuego D 10Kg;;496;1.0;1.0;3
Matafuego X 10 Kg;;497;1.0;1.0;3
Matafuegos De 10 Kg;;498;1.0;1.0;3
Mate X Caja;;499;1.0;1.0;3
Maza 5Kg;;500;1.0;1.0;3
Medicamentos Para Milton;;501;1.0;1.0;3
Medicametos Varios, Protector Solar 2, Manteca De Cacao 10;;502;1.0;1.0;3
Mesa De Oficina ;;503;1.0;1.0;3
Metegol;;504;1.0;1.0;3
Mezclador De Aditivos;;505;1.0;1.0;3
Mmelucos Antidesgarros;;506;1.0;1.0;3
Mochila Para Portar Computadora Portatil Nueva;;507;1.0;1.0;3
Morcilla X Kg;;508;1.0;1.0;3
Mordaza De Full Clan Hq;;509;1.0;1.0;3
Mordaza Nq;;510;1.0;1.0;3
Morza;;511;1.0;1.0;3
Motobomba;;512;1.0;1.0;3
"Motobomba 2""";;513;1.0;1.0;3
"Motobomba 3""";;514;1.0;1.0;3
Motobomba De 2 Pulgadas;;515;1.0;1.0;3
"Motobomba De 2""";;516;1.0;1.0;3
Motobomba De 2¶ù;;517;1.0;1.0;3
"Motobomba De 3""";;518;1.0;1.0;3
"Motobomba De 4 """;;519;1.0;1.0;3
Motor De Mixer De Perforacion ;;520;1.0;1.0;3
Motor Mixer Y Adaptador ;;521;1.0;1.0;3
Niple De 1/2;;522;1.0;1.0;3
Nivea Sun;;523;1.0;1.0;3
Nivel De Mano ;;524;1.0;1.0;3
Obturante Geptrol;;525;1.0;1.0;3
Orins Varios ;;526;1.0;1.0;3
Packer Completo;;527;1.0;1.0;3
Pala Punta CorazÇün ;;528;1.0;1.0;3
Palitos Por Paquete ;;529;1.0;1.0;3
Panel Radiante Mica;;530;1.0;1.0;3
Pantalon Termico (Guillermina);;531;1.0;1.0;3
Pantalon Termico Talle L (Acevedo);;532;1.0;1.0;3
Pantalos De Trabajo (Acevedo);;533;1.0;1.0;3
Pantalos De Trabajo (Calpanchay);;534;1.0;1.0;3
Papel De Junta;;535;1.0;1.0;3
Paquete Para TÇümas ;;536;1.0;1.0;3
Paquets De Yerba ;;537;1.0;1.0;3
Patas De Torre Lf70;;538;1.0;1.0;3
PaÇño Absorbente;;539;1.0;1.0;3
PaÇños Absorbetes X100;;540;1.0;1.0;3
PaÇños Absorventres X 100 U;;541;1.0;1.0;3
Pelopincho Completa ;;542;1.0;1.0;3
Pelopincho De 27.000 L Nueva;;543;1.0;1.0;3
Perros ;;544;1.0;1.0;3
Pescante Hq;;545;1.0;1.0;3
Ph X Palet;;546;1.0;1.0;3
Pico De Grasera Manual;;547;1.0;1.0;3
Picota;;548;1.0;1.0;3
Pileta D 1000 Litros;;549;1.0;1.0;3
Pileta De Decantacion;;550;1.0;1.0;3
Pileta De Lodo ;;551;1.0;1.0;3
Pincel;;552;1.0;1.0;3
Pincel ;;553;1.0;1.0;3
Pinchotes ;;554;1.0;1.0;3
Pinsa;;555;1.0;1.0;3
Pinsa De Presion ;;556;1.0;1.0;3
Pintura Negra 1 L ;;557;1.0;1.0;3
Pintura Negra Para Carroceria ( 1 Litro);;558;1.0;1.0;3
Pintura Por Un 1 Litro Color Gris;;559;1.0;1.0;3
Pinza De Clanes;;560;1.0;1.0;3
Pinzas;;561;1.0;1.0;3
Pisadera;;562;1.0;1.0;3
Pisadera Para Maquina Lf70 ;;563;1.0;1.0;3
Pollos ;;564;1.0;1.0;3
Porta Candado Nq;;565;1.0;1.0;3
Porta Carretel;;566;1.0;1.0;3
Porta Cartel Rectangular Para Entrada;;567;1.0;1.0;3
Porta Extintores Con Cartel;;568;1.0;1.0;3
Porta Filtro;;569;1.0;1.0;3
Porta Filtro Con Filtro Para Luminaria  (Sacada De Luminaria Amarilla);;570;1.0;1.0;3
Porta Filtro Usado;;571;1.0;1.0;3
Porta Matafuego De 10 Kg;;572;1.0;1.0;3
Porta Matafuego De 5 Kg;;573;1.0;1.0;3
Porta Papeles Metalico Rojo;;574;1.0;1.0;3
Poxilinas;;575;1.0;1.0;3
Poxipol;;576;1.0;1.0;3
Prensa Cable De Acero 3/4;;577;1.0;1.0;3
Primera Piel ;;578;1.0;1.0;3
Primera Piel (JosÇ¸ Gomez);;579;1.0;1.0;3
Primera Piel (Orlando Luna);;580;1.0;1.0;3
Primera Piel (Tomas Santillas) Conjunto;;581;1.0;1.0;3
Proteccion De Cabezal Lf70;;582;1.0;1.0;3
Proteccion De Guinche Y Cable De Arrastre;;583;1.0;1.0;3
Rayito De Sol Factor 50;;584;1.0;1.0;3
Red Naranja;;585;1.0;1.0;3
Refrigeranre X 20 Litros ;;586;1.0;1.0;3
Refrigerante X 20;;587;1.0;1.0;3
Refrigerante X 20 L;;588;1.0;1.0;3
Refrigerante X 20 Litros ;;589;1.0;1.0;3
Remachadora Manual;;590;1.0;1.0;3
Remaches ;;591;1.0;1.0;3
Reparacion De Chuck (Empaquetadura);;592;1.0;1.0;3
Repuesto De Llave ;;593;1.0;1.0;3
Residuos Peligrosos Y48;;594;1.0;1.0;3
Residuos Peligrosos Y8;;595;1.0;1.0;3
Residuos Peligrosos Y9;;596;1.0;1.0;3
Resma A4 X 500 Hojas ;;597;1.0;1.0;3
Resma De Hoja A4 X 500 Hojas;;598;1.0;1.0;3
Resorte Hq3;;599;1.0;1.0;3
Resorte Nq3;;600;1.0;1.0;3
Resortes AraÇñas;;601;1.0;1.0;3
Resortes Hq3;;602;1.0;1.0;3
Resortes Para Cabeza De Tubo;;603;1.0;1.0;3
Reten Para Cabezal Cs 1500 ;;604;1.0;1.0;3
Rodamientos B9;;605;1.0;1.0;3
Rodillo  Grande;;606;1.0;1.0;3
Rodillo Chico;;607;1.0;1.0;3
Rodillo De Guia De Cabezal Completo Cs 1500;;608;1.0;1.0;3
Rollo De Alambre ;;609;1.0;1.0;3
Rollo De Manguera 1/2 ;;610;1.0;1.0;3
Rollo De Manguera 1/4 ;;611;1.0;1.0;3
"Rollo De Manguera 28.0 Mpa 4.00 Psi  1 "" R12";;612;1.0;1.0;3
Rollo De Manguera 3/4;;613;1.0;1.0;3
Rollo De Manguera 3/8 ;;614;1.0;1.0;3
Rollo De Manguera 5/8 ;;615;1.0;1.0;3
Rollo De Manguera 5/8 X 2W;;616;1.0;1.0;3
"Rollo De Manguera De 4 ""  X 3 M Aproximadamente";;617;1.0;1.0;3
"Rollo De Manguera Nuevo  1"" 1/2 ";;618;1.0;1.0;3
Rollo De Manguera Para Soplado  Sellado X 100 M;;619;1.0;1.0;3
Rollo De Plastico;;620;1.0;1.0;3
Rollo De Plastico ;;621;1.0;1.0;3
Rollo De Plastico 50X4 Metros ;;622;1.0;1.0;3
Rollo De PlÇ­stico 4 De Ancho X 50 Largo X 200 Micrones ;;623;1.0;1.0;3
Rollos De Plasticos  50 M De Largo, 6 M De Ancho, 200 Micrones;;624;1.0;1.0;3
Ropa Par Flavio Puca (Pantalon, Camisa, Camiseta Y Calzoncillo);;625;1.0;1.0;3
Rulemanes B13;;626;1.0;1.0;3
Rulemanes Para Cabezal Cs 1500;;627;1.0;1.0;3
Seguros Para Resortes ;;628;1.0;1.0;3
Seguros Para Zapatas Nq3;;629;1.0;1.0;3
Sika De 5 L;;630;1.0;1.0;3
Silicona Con Pistola De AplicaciÇün ;;631;1.0;1.0;3
Silicona Liquida Para Interior De Vehiculo;;632;1.0;1.0;3
Silicona Para Junta;;633;1.0;1.0;3
Silicona Transparente;;634;1.0;1.0;3
Sillas De Plastico ;;635;1.0;1.0;3
Soldadora Laser ;;636;1.0;1.0;3
Solucion Fisiologica;;637;1.0;1.0;3
Soporte De Carteleria Celestes;;638;1.0;1.0;3
Soporte Para Matafuego De 10 Kg;;639;1.0;1.0;3
Soporte Para Matafuego De 5 Kg;;640;1.0;1.0;3
Soporte Para Mixer;;641;1.0;1.0;3
Soporte Y Tacho Para Packer;;642;1.0;1.0;3
Sordina Tipo Bincha;;643;1.0;1.0;3
Sordinas L-300;;644;1.0;1.0;3
Sordinas L-300 (Acevedo);;645;1.0;1.0;3
Sordinas L-300 (Calpanchay);;646;1.0;1.0;3
Sordinas Para Casco;;647;1.0;1.0;3
Sordinas Para Stock L300;;648;1.0;1.0;3
Sordinas Tipo Vincha;;649;1.0;1.0;3
Srguro Pinza Pescante;;650;1.0;1.0;3
Tabla Rigida;;651;1.0;1.0;3
Tacho De 200 Litros ;;652;1.0;1.0;3
Tacho De 200 Litros Vacio;;653;1.0;1.0;3
Tacho De Aceite 15W40;;654;1.0;1.0;3
Tacho De Aceite 80/90 Trasnmision;;655;1.0;1.0;3
Tacho Para Fuego;;656;1.0;1.0;3
Tachos De Residuos (Peligrosos, Reciclables, Organicos);;657;1.0;1.0;3
Tacos De Madera ;;658;1.0;1.0;3
Tacos De Madera Chicos;;659;1.0;1.0;3
Tacos Para Ruedas Con Cadenas;;660;1.0;1.0;3
Taladro Skil;;661;1.0;1.0;3
Tanque Para Agua Dulce;;662;1.0;1.0;3
Tapon Hq;;663;1.0;1.0;3
Tapon Para Surgencia;;664;1.0;1.0;3
Tapones Para Lainas ;;665;1.0;1.0;3
Tazas ;;666;1.0;1.0;3
Te De Te X Caja;;667;1.0;1.0;3
Te Pvc;;668;1.0;1.0;3
Teflon ;;669;1.0;1.0;3
Teflones;;670;1.0;1.0;3
Tenaza;;671;1.0;1.0;3
Tenazas;;672;1.0;1.0;3
Tensor De Torre;;673;1.0;1.0;3
Tensor Motoe Deus;;674;1.0;1.0;3
Tijera ;;675;1.0;1.0;3
Tinta 3 Colores ;;676;1.0;1.0;3
Tornillos 10 X 46 Con Tuercas Y Arandelas;;677;1.0;1.0;3
Tornillos Con Esparragos Camioneta Ad407Ib;;678;1.0;1.0;3
Tornillos Con Esparragos Y Arandelas ;;679;1.0;1.0;3
Tornillos Y Tuercas Distintas Medidas ;;680;1.0;1.0;3
Trapos ;;681;1.0;1.0;3
Trapos X Bolsa;;682;1.0;1.0;3
Triangulos Balizas ;;683;1.0;1.0;3
Tricno De Agua ;;684;1.0;1.0;3
Tricono 3 7/8 ;;685;1.0;1.0;3
"Tricono De 8 """;;686;1.0;1.0;3
Tubo  Hq;;687;1.0;1.0;3
Tubo 32 Encastre 3/4;;688;1.0;1.0;3
Tubo 33 Encastre 3/4;;689;1.0;1.0;3
Tubo Interior  Completos ;;690;1.0;1.0;3
Tubo N;;691;1.0;1.0;3
Tubos;;692;1.0;1.0;3
Tubos Con Llaves Allen ;;693;1.0;1.0;3
Tubos De Repuesto;;694;1.0;1.0;3
Tubos Lexan;;695;1.0;1.0;3
Tubos Lexan (Desde Base);;696;1.0;1.0;3
Un Placard;;697;1.0;1.0;3
Valvula;;698;1.0;1.0;3
Varilla Roscada;;699;1.0;1.0;3
VÇ­lvula De Cierre;;700;1.0;1.0;3
W 40;;701;1.0;1.0;3
W 80;;702;1.0;1.0;3
Yerba;;703;1.0;1.0;3
Yogur X Litro;;704;1.0;1.0;3
Zapata Formula Hwt;;705;1.0;1.0;3
Zapata Hq3;;706;1.0;1.0;3
Zapata Nq3;;707;1.0;1.0;3
Zapatillas X 5 Mts;;708;1.0;1.0;3
Zapatos De Seguridad Talle 42 Para Horacio Arguello;;709;1.0;1.0;3
Zapatos De Seguridad Talle 42 Para Renzo Paez;;710;1.0;1.0;3
